Time	Velocity	RPM	Torque	Gear_Idx	Gear
0	0	800.65	23.0262448	1	First Gear
0.0584947213998022	1.32830206	968.5624658	29.83150688		Second Gear
0.116989442799604	2.658975967	1137.134368	36.81664374		Third Gear
0.175484164199407	3.995275425	1305.728492	44.10924485		Fourth Gear
0.233978885599209	5.334118786	1474.321457	51.84343793		Fifth Gear
0.292473606999011	6.674865495	1642.913103	59.99595647		
0.350968328398813	8.017790042	1811.501471	68.461792		
0.409463049798616	9.361437721	1980.088255	77.13538633		
0.467957771198418	10.70641224	2148.670213	85.91099561		
0.52645249259822	12.05185389	2317.198443	94.68052069		
0.584947213998023	13.39783906	2485.683071	103.3392295		
0.643441935397825	14.74415913	2655.301006	111.8633783		
0.701936656797627	16.09061689	2823.087607	120.0677085		
0.760431378197429	17.43712519	2962.709049	126.6990576		
0.818926099597231	18.78353992	3083.881627	132.2947507		
0.877420820997034	20.12973692	3168.814582	136.1217519		
0.935915542396836	21.47553627	3253.864268	139.8706976		
0.994410263796638	22.82102215	3339.495262	143.556822		
1.05290498519644	24.16562076	3425.067429	147.1474687		
1.11139970659624	25.50977011	3510.626082	150.6405022		
1.16989442799605	26.85269604	3596.178684	154.0323811		
1.22838914939585	28.19464674	3681.74715	157.3251266		
1.28688387079565	29.53542608	3767.326064	160.5229797		
1.34537859219545	30.8742089	3852.503923	163.6155798		
1.40387331359525	32.21193766	3938.20752	166.6409321		
1.46236803499506	33.54643615	4031.392117	169.8373274		
1.52086275639486	34.87914886	4126.494918	173.0054738		
1.57935747779466	36.20851436	4224.622443	176.1812226		
1.63785219919446	37.53387958	4322.932002	179.274728		
1.69634692059427	38.85627265	4421.326668	182.2894121		
1.75484164199407	40.17098227	4519.707592	185.2289834		
1.81333636339387	41.48178949	4618.084221	188.100569		
1.87183108479367	42.7822196	4716.454438	190.906491		
1.93032580619347	44.0732412	4814.888225	193.6206448		
1.98882052759328	45.35332757	4913.293032	196.1996185		
2.04731524899308	46.61082653	5007.189199	198.4975639		
2.10580997039288	47.85565462	5099.090496	200.5581257		
2.16430469179268	49.05533499	5187.398046	202.3310737		
2.22279941319249	50.23054189	5275.581694	203.8692827		
2.28129413459229	51.36253642	5363.917368	205.1479489		
2.33978885599209	52.47974313	5452.238689	206.1345359		
2.39828357739189	53.58724259	5540.536787	206.7996094		
2.45677829879169	54.67870514	5628.544805	207.1133774		
2.5152730201915	55.75857887	5717.474614	207.0465962		
2.5737677415913	56.80363021	5809.640747	206.5326527		
2.6322624629911	57.73896538	5872.369983	205.886674		
2.6907571843909	58.54667986	5899.055511	205.5310066	2	
2.74925190579071	58.96766151	5761.687649	206.860399		
2.80774662719051	59.22628418	5556.275345	206.8821547		
2.86624134859031	59.20548516	5240.475395	203.2866036		
2.92473606999011	59.15930078	4922.730046	196.4383463		
2.98323079138991	59.09303361	4611.827877	187.919839		
3.04172551278972	59.03676326	4290.534188	178.2645907		
3.10022023418952	58.99404455	3971.551248	167.7955455		
3.15871495558932	59.11711296	3853.864198	163.6642874		
3.21720967698912	59.32172225	3800.696321	161.7450346		
3.27570439838893	59.7268748	3870.838524	164.2699314		
3.33419911978873	60.21379391	3944.518557	166.8604085		
3.39269384118853	60.78161975	4018.500138	169.4007101		
3.45118856258833	61.41405145	4092.650238	171.8885049		
3.50968328398813	62.07237595	4166.866785	174.3231089		
3.56817800538794	62.77576917	4241.193709	176.7086493		
3.62667272678774	63.49354312	4315.544272	179.045164		
3.68516744818754	64.23306072	4389.927365	181.3358245		
3.74366216958734	64.98734907	4464.326207	183.5830026		
3.80215689098715	65.75067004	4538.734229	185.7894586		
3.86065161238695	66.52773312	4613.149154	187.9580274		
3.91914633378675	67.30919765	4687.567725	190.0904191		
3.97764105518655	68.09918931	4761.993599	192.1762571		
4.03613577658636	68.8932877	4836.283987	194.1942433		
4.09463049798616	69.69133297	4910.236466	196.1218871		
4.15312521938596	70.49342515	4976.271703	197.7607021		
4.21161994078576	71.29709973	5037.378248	199.1966962		
4.27011466218556	72.10360072	5079.754234	200.1417108		
4.32860938358537	72.91081851	5121.654706	201.0316114		
4.38710410498517	73.71902072	5164.167092	201.8860269		
4.44559882638497	74.52714781	5206.610489	202.6870717		
4.50409354778477	75.33512927	5249.009416	203.4319782		
4.56258826918457	76.14120049	5291.392322	204.1182753		
4.62108299058438	76.9457695	5333.769883	204.7429226		
4.67957771198418	77.74639688	5376.136742	205.3026217		
4.73807243338398	78.54117737	5418.496516	205.7939605		
4.79656715478378	79.3301627	5460.849531	206.2139496		
4.85506187618359	80.10473762	5503.189883	206.5593327		
4.91355659758339	80.87349255	5545.523751	206.8269633		
4.97205131898319	81.63018094	5587.837722	207.0133714		
5.03054604038299	82.38379713	5630.136609	207.1155608		
5.0890407617828	83.13325569	5672.412147	207.1304589		
5.1475354831826	83.87769577	5714.645045	207.0550303		
5.2060302045824	84.61893123	5756.850186	206.8859907		
5.2645249259822	85.34884732	5798.950744	206.6176323		
5.323019647382	86.07096107	5840.93307	206.2426798		
5.38151436878181	86.77390868	5882.617383	205.7560258		
5.44000909018161	87.44696368	5924.838932	205.1385104		
5.49850381158141	88.08945886	5966.843449	204.3919575		
5.55699853298121	88.5831579	5983.820731	204.0548983	3	
5.61549325438102	88.98554655	5962.568733	204.4739945		
5.67398797578082	89.06717829	5748.01516	206.9292534		
5.73248269718062	89.09520374	5520.252662	206.6768087		
5.79097741858042	89.06139368	5284.097594	204.0045221		
5.84947213998022	89.02006618	5048.28655	199.4440949		
5.90796686138003	88.97728221	4812.902848	193.5670716		
5.96646158277983	88.96578414	4581.225184	187.0321812		
6.02495630417963	89.01806733	4397.841089	181.5768884		
6.08345102557943	89.23486929	4343.601801	179.9145607		
6.14194574697924	89.58488006	4347.418739	180.0323344		
6.20044046837904	90.04729075	4398.093892	181.5845838		
6.25893518977884	90.57996709	4444.378096	182.9846298		
6.31742991117864	91.13586347	4489.550119	184.3354217		
6.37592463257845	91.72785341	4535.175678	185.684814		
6.43441935397825	92.33082642	4580.833513	187.0207828		
6.49291407537805	92.94778999	4626.51326	188.3436815		
6.55140879677785	93.57407278	4672.211387	189.6536549		
6.60990351817765	94.20506545	4717.918683	190.9476768		
6.66839823957746	94.84280024	4763.636663	192.2216662		
6.72689296097726	95.48216654	4809.345865	193.4710049		
6.78538768237706	96.12419684	4855.034567	194.691306		
6.84388240377686	96.76654036	4901.015414	195.8865317		
6.90237712517667	97.40900599	4947.024872	197.0453189		
6.96087184657647	98.04872933	4986.403811	198.0044394		
7.01936656797627	98.68602702	5022.957337	198.8652974		
7.07786128937607	99.31389078	5052.664451	199.5426309		
7.13635601077587	99.92931292	5081.753256	200.1852117		
7.19485073217568	100.5278387	5110.327145	200.7955924		
7.25334545357548	101.1056689	5138.933871	201.3850052		
7.31184017497528	101.6732141	5167.557841	201.9519435		
7.37033489637508	102.2235692	5196.173871	202.4951191		
7.42882961777488	102.768846	5224.788664	203.0133275		
7.48732433917469	103.3051188	5253.401995	203.5059132		
7.54581906057449	103.8361381	5282.014411	203.9716275		
7.60431378197429	104.3630684	5310.626101	204.409627		
7.66280850337409	104.8845161	5339.236433	204.8188584		
7.7213032247739	105.4039239	5367.845721	205.1982487		
7.7797979461737	105.9190186	5396.451465	205.5469736		
7.8382926675735	106.4320604	5425.064143	205.8638111		
7.8967873889733	106.9425736	5453.666116	206.1479696		
7.95528211037311	107.4503825	5481.292735	206.3902064		
8.01377683177291	107.9568302	5507.96249	206.5934297		
8.07227155317271	108.4601553	5527.589939	206.7232132		
8.13076627457251	108.9622001	5546.751029	206.8334716		
8.18926099597232	109.461827	5565.972729	206.9273687		
8.24775571737212	109.9593436	5585.17295	207.0040262		
8.30625043877192	110.4552362	5604.356161	207.0634335		
8.36474516017172	110.9479364	5623.530357	207.1053557		
8.42323988157152	111.4392363	5642.701506	207.1293182		
8.48173460297133	111.9270421	5661.866721	207.1350837		
8.54022932437113	112.4125062	5681.02867	207.1225146		
8.59872404577093	112.8951302	5700.186702	207.0913262		
8.65721876717073	113.3735118	5719.338909	207.0408866		
8.71571348857053	113.8496883	5738.48802	206.971212		
8.77420820997034	114.3195653	5757.627684	206.8818775		
8.83270293137014	114.7862344	5776.761951	206.7719965		
8.89119765276994	115.2468412	5795.885835	206.6406553		
8.94969237416974	115.7008104	5814.996482	206.4874224		
9.00818709556955	116.1497923	5834.096983	206.3115396		
9.06668181696935	116.586892	5853.168948	206.1120782	4	
9.12517653836915	117.0182759	5872.225053	205.8884697		
9.18367125976895	117.4347356	5891.236383	205.6405218		
9.24216598116876	117.839197	5910.200388	205.3674441		
9.30066070256856	118.2295519	5929.10749	205.0687191		
9.35915542396836	118.5944987	5947.879229	204.7456119		
9.41765014536816	118.9458212	5966.538389	204.397812		
9.47614486676796	119.2529704	5984.556416	204.0398654		
9.53463958816777	119.532482	6003.402157	203.6470578		
9.59313430956757	119.7604244	6023.208666	203.2186813		
9.65162903096737	119.9109729	5991.491428	203.8972402		
9.71012375236717	120.0075614	5919.655402	205.2213653		
9.76861847376698	120.0201074	5696.719528	207.098254		
9.82711319516678	120.0165647	5450.455158	206.117647		
9.88560791656658	120.0037241	5209.177143	202.7336798		
9.94410263796638	119.9912655	4967.090847	197.5379886		
10.0025973593662	119.9800038	4724.293563	191.1266143		
10.061092080766	119.9895944	4496.985837	184.5563659		
10.1195868021658	120.0168886	4289.929325	178.2456377		
10.1780815235656	120.1418652	4221.780325	176.0904851		
10.2365762449654	120.3104667	4186.339938	174.9530709		
10.2950709663652	120.5527592	4198.942411	175.3588919		
10.353565687765	120.8347834	4212.493082	175.7935505		
10.4120604091648	121.1424404	4226.162932	176.2303377		
10.4705551305646	121.4845613	4241.09788	176.7056074		
10.5290498519644	121.8376997	4256.340905	177.1886064		
10.5875445733642	122.211983	4272.010116	177.6829494		
10.646039294764	122.5960899	4287.833441	178.1799646		
10.7045340161638	122.9902744	4303.811389	178.6796339		
10.7630287375636	123.3948614	4319.919761	179.1811731		
10.8215234589634	123.8038741	4336.081669	179.6821815		
10.8800181803632	124.2217184	4352.338712	180.1839504		
10.938512901763	124.6427064	4368.626678	180.6844925		
10.9970076231628	125.0686356	4384.962458	181.1843275		
11.0555023445626	125.4982254	4401.33135	181.683047		
11.1139970659624	125.9301183	4417.720992	182.1802959		
11.1724917873622	126.3657125	4434.142949	182.6764466		
11.230986508762	126.8025361	4450.575685	183.170872		
11.2894812301618	127.2418012	4467.029898	183.6638832		
11.3479759515616	127.6822587	4483.495275	184.1552321		
11.4064706729614	128.1238867	4499.971695	184.6449453		
11.4649653943612	128.5666539	4516.460762	185.1330982		
11.523460115761	129.0098548	4532.955152	185.6195008		
11.5819548371608	129.4537173	4549.460749	186.1043218		
11.6404495585606	129.8976281	4565.970673	186.5874253		
11.6989442799604	130.341561	4582.48721	187.0689084		
11.7574390013603	130.7850137	4599.009105	187.5487645		
11.8159337227601	131.228123	4615.534248	188.026951		
11.8744284441599	131.6697576	4632.065042	188.5035568		
11.9329231655597	132.1104974	4648.59778	188.9785089		
11.9914178869595	132.5489794	4665.134448	189.4517367		
12.0499126083593	132.9849363	4681.673314	189.9229987		
12.1084073297591	133.418355	4698.214268	190.3920644		
12.1669020511589	133.8456405	4714.757715	190.8587661		
12.2253967725587	134.2694716	4731.302172	191.322884		
12.2838914939585	134.6814558	4747.848697	191.7842554		
12.3423862153583	135.0854121	4764.395947	192.2426436		
12.4008809367581	135.4769643	4780.944238	192.6978072		
12.4593756581579	135.8577468	4797.493129	193.1495991		
12.5178703795577	136.2323965	4814.042333	193.5978193		
12.5763651009575	136.5983843	4830.591529	194.0422674		
12.6348598223573	136.9617419	4847.140402	194.482697		
12.6933545437571	137.3201782	4863.688308	194.9188983		
12.7518492651569	137.6760969	4880.234377	195.3506978		
12.8103439865567	138.0297433	4896.778613	195.7779051		
12.8688387079565	138.3807724	4913.316667	196.2002195		
12.9273334293563	138.7307717	4929.849366	196.617376		
12.9858281507561	139.0786642	4946.358672	197.0288267		
13.0443228721559	139.4257236	4962.876335	197.4351852		
13.1028175935557	139.7716104	4979.379998	197.8357134		
13.1613123149555	140.1164923	4994.301612	198.1929057		
13.2198070363553	140.4608122	5008.319947	198.5241012		
13.2783017577551	140.8040795	5020.605177	198.8108227		
13.3367964791549	141.1469807	5032.651991	199.0886089		
13.3952912005547	141.4891579	5044.520939	199.3589794		
13.4537859219545	141.8308755	5056.384664	199.6259506		
13.5122806433543	142.1721901	5068.247163	199.8894701		
13.5707753647541	142.5129318	5080.104767	200.1493388		
13.6292700861539	142.8534372	5091.960776	200.4056851		
13.6877648075537	143.1933971	5103.814648	200.6584066		
13.7462595289535	143.5330936	5115.667873	200.9073007		
13.8047542503533	143.8724269	5127.520257	201.1524807		
13.8632489717531	144.2113647	5139.37206	201.3938844		
13.9217436931529	144.5500825	5151.223558	201.6312597		
13.9802384145527	144.888278	5163.074564	201.8646817		
14.0387331359525	145.22625	5174.925418	202.0941263		
14.0972278573523	145.5637593	5186.775991	202.3193896		
14.1557225787521	145.9008638	5198.626401	202.5404277		
14.2142173001519	146.2376197	5210.476677	202.7572782		
14.2727120215517	146.5736842	5222.326774	202.9698031		
14.3312067429516	146.9094222	5234.176802	203.1778185		
14.3897014643514	147.2442663	5246.026679	203.3814355		
14.4481961857512	147.5784925	5257.876484	203.5805877		
14.506690907151	147.9118762	5269.726195	203.7749406		
14.5651856285508	148.2439328	5281.575803	203.9646832		
14.6236803499506	148.575226	5293.425354	204.1497507		
14.6821750713504	148.9040749	5305.274769	204.3298747		
14.7406697927502	149.2315035	5317.124123	204.5051001		
14.79916451415	149.5558902	5328.973351	204.6754387		
14.8576592355498	149.8764139	5340.822456	204.840698		
14.9161539569496	150.1937407	5352.671457	205.0007617		
14.9746486783494	150.5049583	5364.52022	205.1557266		
15.0331433997492	150.8138747	5376.368859	205.3054836		
15.091638121149	151.1179169	5388.21714	205.4497387		
15.1501328425488	151.4198764	5400.065104	205.5886841		
15.2086275639486	151.7192439	5411.912647	205.7222512		
15.2671222853484	152.0161574	5423.759279	205.8500933		
15.3256170067482	152.3118478	5435.605343	205.9723679		
15.384111728148	152.6050845	5447.44897	206.089036		
15.4426064495478	152.8974605	5459.289792	206.1998432		
15.5011011709476	153.1882474	5471.124299	206.3047306		
15.5595958923474	153.4779191	5482.940996	206.4036888		
15.6180906137472	153.766732	5494.701101	206.4963086		
15.676585335147	154.0542192	5505.193977	206.5738453		
15.7350800565468	154.3411972	5515.322265	206.6441819		
15.7935747779466	154.6270502	5524.946844	206.7068369		
15.8520694993464	154.9123251	5534.549551	206.7651961		
15.9105642207462	155.1968997	5544.144858	206.8194094		
15.969058942146	155.4806793	5553.730601	206.8694391		
16.0275536635458	155.7640648	5563.312103	206.9152856		
16.0860483849456	156.0465411	5572.888855	206.9569157		
16.1445431063454	156.3286522	5582.464319	206.9943116		
16.2030378277452	156.6100902	5592.037638	207.0274199		
16.261532549145	156.8909672	5601.609673	207.0560657		
16.3200272705448	157.1714251	5611.180769	207.0803701		
16.3785219919446	157.4511127	5620.750441	207.1002967		
16.4370167133444	157.7304836	5630.319558	207.1158117		
16.4955114347442	158.0091082	5639.887424	207.1268786		
16.554006156144	158.2872795	5649.454547	207.1334625		
16.6125008775438	158.5649184	5659.020796	207.1355276		
16.6709955989436	158.8418446	5668.585848	207.1328721		
16.7294903203434	159.1184176	5678.150299	207.1256037		
16.7879850417432	159.3940817	5687.713143	207.1137078		
16.846479763143	159.669334	5697.275218	207.0971483		
16.9049744845428	159.9438395	5706.835885	207.0758913		
16.9634692059427	160.2176302	5716.395111	207.0499023		
17.0219639273425	160.4909039	5725.953289	207.0191455		
17.0804586487423	160.7631043	5735.509147	206.9834359		
17.1389533701421	161.0348441	5745.063965	206.94281		
17.1974480915419	161.3054753	5754.616215	206.8972267		
17.2559428129417	161.5753565	5764.16661	206.8465893		
17.3144375343415	161.8443891	5773.714897	206.7908057		
17.3729322557413	162.1121644	5783.259853	206.7297908		
17.4314269771411	162.3793196	5792.803135	206.6634416		
17.4899216985409	162.6447946	5802.341651	206.5915092		
17.5484164199407	162.909443	5811.877677	206.5140028		
17.6069111413405	163.1726362	5821.409277	206.4309018		
17.6654058627403	163.4343269	5830.935983	206.3421229		
17.7239005841401	163.6949704	5840.45925	206.2475646		
17.7823953055399	163.9532827	5849.97434	206.1471897		
17.8408900269397	164.2105719	5859.485653	206.0408679		
17.8993847483395	164.4654079	5868.987663	205.9283078		
17.9578794697393	164.7184586	5878.48234	205.8096634		
18.0163741911391	164.9695685	5887.968994	205.6848691		
18.0748689125389	165.2175901	5897.441725	205.5539315		
18.1333636339387	165.4641024	5906.907423	205.4166841		
18.1918583553385	165.7064296	5916.352238	205.2732663		
18.2503530767383	165.9465799	5925.78502	205.1232815		
18.3088477981381	166.1830324	5935.197092	204.9668788		
18.3673425195379	166.4153331	5944.582812	204.8042366		
18.4258372409377	166.644838	5953.950453	204.6351896		
18.4843319623375	166.8676331	5963.268526	204.4605646		
18.5428266837373	167.0873827	5972.561107	204.2804962		
18.6013214051371	167.2998623	5981.789457	204.0960988		
18.6598161265369	167.5065615	5990.955135	203.9083401		
18.7183108479367	167.7072153	6000.054007	203.717932		
18.7768055693365	167.8973093	6009.003287	203.527261		
18.8353002907363	168.0822026	6017.868333	203.3353969		
18.8937950121361	168.2520851	6026.435397	203.1477488		
18.9522897335359	168.4133292	6034.749154	202.9640422		
19.0107844549357	168.5603686	6042.624286	202.7887964		
19.0692791763355	168.6894037	6049.357892	202.6383813		
19.1277738977353	168.8066217	6055.363768	202.5039018		
19.1862686191351	168.8919049	6059.729223	202.4060683	5	
19.2447633405349	168.9611059	6042.141401	202.7995637		
19.3032580619347	168.9915871	5953.989265	204.6344733		
19.3617527833345	169.0058749	5822.895208	206.4175542		
19.4202475047343	169.0050848	5651.225235	207.1340959		
19.4787422261341	169.0010791	5478.844404	206.3701493		
19.537236947534	168.9962783	5306.306346	204.3452945		
19.5957316689338	168.9923278	5133.162862	201.2678766		
19.6542263903336	168.9927631	4964.079056	197.4645908		
19.7127211117334	169.0009836	4803.371933	193.3092427		
19.7712158331332	169.0408037	4734.463796	191.411273		
19.829710554533	169.0999706	4717.185712	190.92706		
19.8882052759328	169.1988345	4721.706302	191.0540287		
19.9466999973326	169.309418	4728.745648	191.2513671		
20.0051947187324	169.4415278	4735.83346	191.4495153		
20.0636894401322	169.5843735	4743.189013	191.6546371		
20.122184161532	169.7371022	4750.799138	191.8661989		
20.1806788829318	169.9008853	4758.558501	192.0812873		
20.2391736043316	170.0690528	4766.371675	192.2971277		
20.2976683257314	170.2460947	4774.271325	192.5146767		
20.3561630471312	170.4265469	4782.197491	192.7321329		
20.414657768531	170.61188	4790.160342	192.9498749		
20.4731524899308	170.8012421	4798.148213	193.1674119		
20.5316472113306	170.9928933	4806.150039	193.3845441		
20.5901419327304	171.1886617	4814.173633	193.6013623		
20.6486366541302	171.3858217	4822.203972	193.8174879		
20.70713137553	171.5857202	4830.247039	194.0330469		
20.7656260969298	171.7872298	4838.296883	194.2478163		
20.8241208183296	171.9901736	4846.352715	194.4618399		
20.8826155397294	172.1949549	4854.415619	194.6749782		
20.9411102611292	172.4004647	4862.481262	194.8872525		
20.999604982529	172.6075233	4870.552477	195.0985755		
21.0580997039288	172.8152151	4878.625874	195.3089321		
21.1165944253286	173.0237807	4886.702268	195.5182813		
21.1750891467284	173.2330881	4894.781148	195.7265635		
21.2335838681282	173.4427972	4902.861376	195.9338136		
21.292078589528	173.6532052	4910.943976	196.1398797		
21.3505733109278	173.8638212	4919.027319	196.3448759		
21.4090680323276	174.0748174	4927.112058	196.5486368		
21.4675627537274	174.2859621	4935.197486	196.7512355		
21.5260574751272	174.4972258	4943.283485	196.9526026		
21.584552196527	174.7084851	4951.369873	197.1526817		
21.6430469179268	174.9197012	4959.456164	197.3515427		
21.7015416393266	175.1306815	4967.541417	197.5489576		
21.7600363607264	175.3414113	4975.628917	197.74519		
21.8185310821262	175.5517833	4983.71734	197.9400094		
21.877025803526	175.7615035	4991.681769	198.1305383		
21.9355205249258	175.970841	4999.544736	198.3172905		
21.9940152463256	176.1789313	5006.732669	198.4868497		
22.0525099677254	176.3863422	5013.763954	198.6515584		
22.1110046891252	176.5922899	5020.546365	198.809456		
22.1694994105251	176.7966093	5027.317401	198.9660136		
22.2279941319249	176.9995312	5034.083249	199.1213624		
22.2864888533247	177.1990786	5040.841115	199.2755253		
22.3449835747245	177.3968776	5047.596553	199.428556		
22.4034782961243	177.5895371	5054.348683	199.5803518		
22.4619730175241	177.7778518	5061.099782	199.731086		
22.5204677389239	177.9603398	5067.849618	199.8807167		
22.5789624603237	178.1343241	5074.598549	200.0290868		
22.6374571817235	178.3039783	5081.347035	200.1763719		
22.6959519031233	178.4650976	5088.09479	200.3225548		
22.7544466245231	178.623694	5094.842322	200.4674378		
22.8129413459229	178.7778214	5101.589455	200.6111845		
22.8714360673227	178.9293661	5108.336354	200.7538028		
22.9299307887225	179.0789075	5115.083071	200.8951228		
22.9884255101223	179.2258319	5121.829544	201.035228		
23.0469202315221	179.3718066	5128.575927	201.1741705		
23.1054149529219	179.5158352	5135.322126	201.3118186		
23.1639096743217	179.6590035	5142.068242	201.4481698		
23.2224043957215	179.8011222	5148.814256	201.5833207		
23.2808991171213	179.9422215	5155.560169	201.7171861		
23.3393938385211	180.0828211	5162.306032	201.8496666		
23.3978885599209	180.2224019	5169.05179	201.9809094		
23.4563832813207	180.3616264	5175.797512	202.1108779		
23.5148780027205	180.5002042	5182.543166	202.2393696		
23.5733727241203	180.638328	5189.288771	202.3665872		
23.6318674455201	180.7761102	5196.034338	202.4925198		
23.6903621669199	180.9133579	5202.779845	202.6169286		
23.7488568883197	181.0504017	5209.525329	202.7400025		
23.8073516097195	181.1869962	5216.27076	202.8617537		
23.8658463311193	181.3233569	5223.016162	202.981991		
23.9243410525191	181.4594405	5229.761529	203.1008023		
23.9828357739189	181.5952045	5236.506856	203.2182535		
24.0413304953187	181.7308126	5243.252162	203.3342033		
24.0998252167185	181.8660577	5249.997418	203.4486328		
24.1583199381183	182.001154	5256.742654	203.5616653		
24.2168146595181	182.1359801	5263.487851	203.6732113		
24.2753093809179	182.2705712	5270.233014	203.7831401		
24.3338041023177	182.40499	5276.978151	203.8916345		
24.3922988237175	182.5390739	5283.723237	203.9986605		
24.4507935451173	182.6730162	5290.468301	204.1039695		
24.5092882665171	182.8066183	5297.213312	204.2078062		
24.5677829879169	182.939994	5303.958287	204.3101594		
24.6262777093167	183.0731078	5310.703221	204.4107659		
24.6847724307165	183.20583	5317.448094	204.5098256		
24.7432671521163	183.3383545	5324.192935	204.6073645		
24.8017618735162	183.4703234	5330.937691	204.7031738		
24.860256594916	183.6020052	5337.682402	204.7973372		
24.9187513163158	183.7331668	5344.427035	204.8899418		
24.9772460377156	183.8637391	5351.171581	204.9808377		
25.0357407591154	183.9938865	5357.916065	205.0699849		
25.0942354805152	184.1229803	5364.6604	205.1575352		
25.152730201915	184.2515598	5371.404666	205.2434011		
25.2112249233148	184.378819	5378.148755	205.3274113		
25.2697196447146	184.5049322	5384.8927	205.4097874		
25.3282143661144	184.6297519	5391.636484	205.4905056		
25.3867090875142	184.752015	5398.379974	205.569258		
25.445203808914	184.8729029	5405.12331	205.6463392		
25.5036985303138	184.9892315	5411.866167	205.7217341		
25.5621932517136	185.1033185	5418.608725	205.7951632		
25.6206879731134	185.213572	5425.350753	205.8668242		
25.6791826945132	185.3214031	5432.092029	205.9367597		
25.737677415913	185.4276625	5438.832766	206.0047559		
25.7961721373128	185.5317125	5445.571808	206.0708645		
25.8546668587126	185.6350382	5452.309821	206.1352094		
25.9131615801124	185.7369438	5459.045024	206.1976296		
25.9716563015122	185.8381629	5465.776207	206.2580312		
26.030151022912	185.9386768	5472.502991	206.3166069		
26.0886457443118	186.0384344	5479.220499	206.3732559		
26.1471404657116	186.1378676	5485.91367	206.4276132		
26.2056351871114	186.2366339	5492.425085	206.478755		
26.2641299085112	186.3351541	5498.662282	206.5260955		
26.322624629911	186.4332854	5504.416776	206.5682859		
26.3811193513108	186.5311144	5509.869085	206.606909		
26.4396140727106	186.6287526	5515.146765	206.6430194		
26.4981087941104	186.7260657	5520.4374	206.6779905		
26.5566035155102	186.8232654	5525.72919	206.7117343		
26.61509823691	186.9202321	5531.018221	206.7442205		
26.6735929583098	187.0170705	5536.306789	206.7754578		
26.7320876797096	187.1137817	5541.594953	206.8054404		
26.7905824011094	187.2103406	5546.882791	206.8341628		
26.8490771225092	187.3068351	5552.170505	206.8616198		
26.907571843909	187.403191	5557.458017	206.8878048		
26.9660665653088	187.4994931	5562.745467	206.9127123		
27.0245612867086	187.5957131	5568.032825	206.9363359		
27.0830560081084	187.6918672	5573.320122	206.9586694		
27.1415507295082	187.7879815	5578.607383	206.9797066		
27.200045450908	187.8840287	5583.894588	206.9994413		
27.2585401723078	187.9800542	5589.181776	207.0178672		
27.3170348937077	188.0760375	5594.46893	207.0349779		
27.3755296151075	188.1720022	5599.756067	207.0507673		
27.4340243365073	188.2679496	5605.043187	207.065229		
27.4925190579071	188.3638858	5610.330289	207.0783567		
27.5510137793069	188.4598195	5615.617384	207.0901441		
27.6095085007067	188.5557585	5620.904464	207.100585		
27.6680032221065	188.6517083	5626.191539	207.1096728		
27.7264979435063	188.747676	5631.478606	207.1174015		
27.7849926649061	188.8436786	5636.765667	207.1237646		
27.8434873863059	188.9397035	5642.052724	207.1287558		
27.9019821077057	189.0358013	5647.339776	207.1323688		
27.9604768291055	189.1319384	5652.626829	207.1345973		
28.0189715505053	189.2281674	5657.913887	207.135435		
28.0774662719051	189.3244868	5663.200838	207.1348756		
28.1359609933049	189.4208951	5668.487781	207.1329127		
28.1944557147047	189.5175941	5673.777881	207.129538		
28.2529504361045	189.6141048	5679.058391	207.1247546		
28.3114451575043	189.7090837	5684.277839	207.1186252		
28.3699398789041	189.8198989	5690.015023	207.1102884		
28.4284346003039	189.948943	5696.346226	207.0989968		
28.4869293217037	189.7295012	5691.137538	207.1083528		
28.5454240431035	189.3653927	5680.99358	207.1225567		
28.6039187645033	189.5740076	5687.263229	207.1143647		
28.6624134859031	189.7504017	5692.507839	207.1059898		
28.7209082073029	189.6798299	5690.3934	207.1096359		
28.7794029287027	189.6187494	5688.56268	207.1124673		
28.8378976501025	189.5696417	5687.089274	207.1146187		
28.8963923715023	189.481655	5684.449641	207.1184195		
28.9548870929021	189.4023776	5682.07133	207.1212665		
29.0133818143019	189.4294356	5682.883068	207.1202948		
29.0718765357017	189.3473354	5680.420061	207.1232432		
29.1303712571015	189.1025471	5673.076412	207.130011		
29.1888659785013	189.0232688	5670.698065	207.1316146		
29.2473606999011	188.9940248	5669.820743	207.1322062		
29.3058554213009	188.4671719	5654.015158	207.1350395		
29.3643501427007	187.9632888	5638.898665	207.1260214		
29.4228448641005	187.6373603	5629.120808	207.1141675		
29.4813395855003	187.4641317	5623.92395	207.1059942		
29.5398343069001	187.4070489	5622.211466	207.1030313		
29.5983290282999	187.1200703	5613.602109	207.0858715		
29.6568237496997	186.8014252	5604.042755	207.0626144		
29.7153184710995	186.6021392	5598.064175	207.0459312		
29.7738131924993	186.4346245	5593.038734	207.0305411		
29.8323079138991	186.3057475	5589.172424	207.0178359		
29.8908026352989	186.1982572	5585.947716	207.0068049		
29.9492973566988	186.1105724	5583.317172	206.9973704		
30.0077920780986	186.1750516	5585.251548	207.0043081		
30.0662867994984	186.1512826	5584.538476	207.0017506		
30.1247815208982	185.882495	5576.474851	206.9714973		
30.183276242298	185.6557847	5569.673542	206.9433982		
30.2417709636978	185.4668824	5564.006471	206.9184391		
30.3002656850976	185.2983201	5558.949603	206.8949306		
30.3587604064974	185.168558	5555.05674	206.8760859		
30.4172551278972	185.2086373	5556.25912	206.8820772		
30.475749849297	185.2411233	5557.233698	206.8867331		
30.5342445706968	185.251481	5557.544429	206.8882176		
30.5927392920966	185.0412498	5551.237495	206.8569434		
30.6512340134964	184.7675537	5543.026612	206.8132834		
30.7097287348962	184.9118913	5547.356738	206.836649		
30.768223456296	184.9305804	5547.917411	206.8395901		
30.8267181776958	184.5940092	5537.820275	206.7840992		
30.8852128990956	184.6122101	5538.366302	206.7872168		
30.9437076204954	184.8963411	5546.890232	206.8342018		
31.0022023418952	185.0277727	5550.833182	206.8548855		
31.060697063295	185.0287034	5550.861103	206.855032		
31.1191917846948	184.5798769	5537.396306	206.7816785		
31.1776865060946	184.4492417	5533.477249	206.7588268		
31.2361812274944	184.7371577	5542.114731	206.8082879		
31.2946759488942	185.0117072	5550.351216	206.8523572		
31.353170670294	185.2563242	5557.689725	206.8889117		
31.4116653916938	185.231797	5556.953911	206.8853965		
31.4701601130936	185.1641619	5554.924856	206.8754249		
31.5286548344934	185.0443154	5551.329463	206.8574044		
31.5871495558932	185.1123501	5553.370503	206.8676343		
31.645644277293	185.3191908	5559.575725	206.8979218		
31.7041389986928	185.6425434	5569.276302	206.9416883		
31.7626337200926	185.9691424	5579.074272	206.9814934		
31.8211284414924	186.2174096	5586.522287	207.0088656		
31.8796231628922	186.2741566	5588.224698	207.0146658		
31.938117884292	186.1083826	5583.251477	206.9971348		
31.9966126056918	186.1286679	5583.860037	206.9993174		
32.0551073270916	186.2472256	5587.416769	207.0119633		
32.1136020484914	186.6485982	5599.457945	207.0499152		
32.1720967698912	187.0298154	5610.894462	207.0796923		
32.230591491291	187.3320317	5619.960952	207.0988189		
32.2890862126908	187.4925152	5624.775457	207.1073756		
32.3475809340906	187.5649156	5626.947469	207.1108991		
32.4060756554904	187.8166357	5634.49907	207.1212263		
32.4645703768902	188.11991	5643.597301	207.130075		
32.52306509829	188.5029536	5655.088606	207.1351484		
32.5815598196899	188.6395332	5659.185997	207.1355019		
32.6400545410897	188.4974827	5654.924481	207.1351318		
32.6985492624895	188.5751304	5657.253911	207.1353681		
32.7570439838893	188.758116	5662.743482	207.1349469		
32.8155387052891	189.1844733	5675.534199	207.12805		
32.8740334266889	189.4938526	5684.815577	207.1179387		
32.9325281480887	189.5454098	5686.362295	207.1156802		
32.9910228694885	189.394029	5681.820869	207.1215663		
33.0495175908883	189.1258696	5673.776088	207.1295392		
33.1080123122881	189.1213483	5673.64045	207.1296307		
33.1665070336879	189.1214328	5673.642983	207.129629		
33.2250017550877	188.9900434	5669.701303	207.1322867		
33.2834964764875	189.1070635	5673.211906	207.1299196		
33.3419911978873	189.4845127	5684.535381	207.1183169		
33.4004859192871	189.3110837	5679.332512	207.1244982		
33.4589806406869	189.003353	5670.100589	207.1320175		
33.5174753620867	189.1643194	5674.929582	207.1286154		
33.5759700834865	189.2163338	5676.490013	207.1271562		
33.6344648048863	189.0257191	5670.771572	207.1315651		
33.6929595262861	189.0691398	5672.074195	207.1306867		
33.7514542476859	189.2420657	5677.261971	207.1264344		
33.8099489690857	189.0487358	5671.462073	207.1310995		
33.8684436904855	188.8199502	5664.598504	207.1345251		
33.9269384118853	188.648421	5659.452631	207.1354603		
33.9854331332851	188.4678517	5654.035552	207.1350416		
34.0439278546849	188.2734423	5648.203269	207.1328981		
34.1024225760847	187.9611489	5638.834468	207.1259657		
34.1609172974845	187.6680629	5630.041886	207.1154308		
34.2194120188843	187.8250765	5634.752296	207.1215099		
34.2779067402841	187.7731393	5633.194178	207.1197546		
34.3364014616839	187.3201122	5619.603366	207.0981496		
34.3948961830837	187.0566584	5611.699752	207.0815988		
34.4533909044835	186.9006698	5607.020093	207.0703956		
34.5118856258833	186.6094573	5598.283719	207.0465588		
34.5703803472831	186.3086025	5589.258075	207.0181224		
34.6288750686829	186.0357257	5581.07177	206.9891377		
34.6873697900827	185.9668669	5579.006006	206.9812321		
34.7458645114825	186.0968024	5582.904073	206.9958888		
34.8043592328823	186.1834374	5585.503123	207.0052103		
34.8628539542821	186.1866261	5585.598783	207.0055534		
34.9213486756819	185.6836352	5570.509055	206.9469946		
34.9798433970817	185.2465329	5557.395986	206.8875084		
35.0383381184815	184.9595995	5548.787984	206.8441569		
35.0968328398814	184.841051	5545.231531	206.8253625		
35.1553275612811	184.8085551	5544.256653	206.8200219		
35.213822282681	184.6728447	5540.185342	206.7976028		
35.2723170040808	184.5858172	5537.574515	206.782696		
35.3308117254806	184.6804653	5540.41396	206.7989081		
35.3893064468804	184.6365064	5539.095193	206.7913785		
35.4478011682802	184.4598798	5533.796394	206.7607224		
35.50629588968	184.3257654	5529.772962	206.7366801		
35.5647906110798	184.2344303	5527.032911	206.7197769		
35.6232853324796	184.3449384	5530.348152	206.7402284		
35.6817800538794	184.4530468	5533.591405	206.7595048		
35.7402747752792	184.5407374	5536.222121	206.7749744		
35.798769496679	184.4429562	5533.288685	206.7577067		
35.8572642180788	184.2699769	5528.099306	206.7263554		
35.9157589394786	184.4879468	5534.638403	206.7657238		
35.9742536608784	184.7238419	5541.715256	206.8060995		
36.0327483822782	184.8911429	5546.734286	206.8333838		
36.091243103678	184.8780559	5546.341678	206.8313242		
36.1497378250778	184.717231	5541.516929	206.805013		
36.2082325464776	184.9607848	5548.823546	206.8443435		
36.2667272678774	185.2919164	5558.757492	206.8940128		
36.3252219892772	185.5146254	5565.438762	206.9249438		
36.383716710677	185.6963865	5570.891595	206.9486412		
36.4422114320768	185.8244751	5574.734252	206.9644196		
36.5007061534766	186.0245354	5580.736063	206.987853		
36.5592008748764	186.2378102	5587.134308	207.0110185		
36.6176955962762	186.0690518	5582.071554	206.9929029		
36.676190317676	186.0851615	5582.554847	206.9946363		
36.7346850390758	186.6873682	5600.621046	207.0532398		
36.7931797604756	187.0363176	5611.089529	207.0801541		
36.8516744818754	187.1519726	5614.559177	207.0879006		
36.9101692032752	187.0154071	5610.462214	207.0786691		
36.968663924675	186.9522487	5608.567462	207.0741835		
37.0271586460748	187.6301713	5628.905139	207.1138716		
37.0856533674746	188.0919689	5642.759068	207.1293681		
37.1441480888744	188.2044078	5646.132233	207.1316287		
37.2026428102742	188.2097249	5646.291747	207.1317265		
37.261137531674	188.177755	5645.332649	207.1311386		
37.3196322530738	188.3067534	5649.202602	207.1333723		
37.3781269744736	188.4948949	5654.846848	207.1351239		
37.4366216958734	188.7952067	5663.8562	207.1347734		
37.4951164172732	188.9657106	5668.971319	207.1327123		
37.553611138673	189.0247162	5670.741486	207.1315853		
37.6121058600728	188.9304865	5667.914597	207.1331504		
37.6706005814726	188.868088	5666.042638	207.1339264		
37.7290953028725	189.143427	5674.302786	207.1291841		
37.7875900242722	189.4200887	5682.602833	207.1206303		
37.8460847456721	189.6779853	5690.340094	207.1097279		
37.9045794670719	189.7048041	5691.138411	207.1083512		
37.9630741884717	189.6396015	5689.183204	207.1115612		
38.0215689098715	189.7142178	5691.559178	207.1076257		
38.0800636312713	189.7941358	5693.52897	207.104229		
38.1385583526711	189.8593257	5693.682685	207.1039639		
38.1970530740709	189.8035274	5689.463153	207.1111525		
38.2555477954707	189.6550714	5681.917167	207.1214511		
38.3140425168705	189.505538	5674.41383	207.1290977		
38.3725372382703	189.3541868	5666.878241	207.13358		
38.4310319596701	189.1942844	5659.112336	207.1355134		
38.4895266810699	189.029038	5651.206984	207.1340894		
38.5480214024697	188.8571057	5643.127544	207.1296876		
38.6065161238695	188.6774573	5634.849687	207.1216189		
38.6650108452693	188.4939137	5626.471862	207.1101276		
38.7235055666691	188.3012264	5617.861302	207.0948889		
38.7820002880689	188.1041894	5609.140907	207.075541		
38.8404950094687	187.8987502	5600.208659	207.052061		
38.8989897308685	187.6871688	5591.122828	207.0243599		
38.9574844522683	187.4709082	5581.920084	206.9923597		
39.0159791736681	187.2456827	5572.494958	206.955314		
39.0744738950679	187.0166044	5562.97471	206.9137534		
39.1329686164677	186.778091	5553.222401	206.866892		
39.1914633378675	186.534717	5543.35151	206.8150633		
39.2499580592673	186.2855662	5533.339797	206.7580103		
39.3084527806671	186.0282109	5523.129837	206.6952137		
39.3669475020669	185.7668065	5512.822254	206.6271365		
39.4254422234667	185.4956134	5502.280577	206.5526971		
39.4839369448665	185.2205347	5491.646815	206.4727305		
39.5424316662663	184.9384389	5480.84704	206.3865607		
39.6009263876661	184.649148	5469.877143	206.2939874		
39.6594211090659	184.3546229	5458.784865	206.1952767		
39.7179158304657	184.0511864	5447.517093	206.0896954		
39.7764105518655	183.7440841	5435.978362	205.9761349		
39.8349052732653	183.4283628	5423.455145	205.846896		
39.8933999946651	183.1066539	5410.39165	205.7053297		
39.9518947160649	182.7780738	5396.727652	205.5502102		
40.0103894374647	182.4414263	5382.888998	205.3854957		
40.0688841588645	182.1007469	5368.967265	205.2125021		
40.1273788802643	181.7489506	5354.825985	205.0293819		
40.1858736016641	181.3918284	5340.591538	204.8375433		
40.2443683230639	181.0251984	5326.19407	204.6359186		
40.3028630444637	180.6496395	5311.666469	204.4249906		
40.3613577658636	180.2676261	5297.047013	204.205261		
40.4198524872634	179.8684975	5282.226474	203.974985		
40.4783472086632	179.46312	5267.329235	203.736017		
40.536841930063	179.0444523	5252.263037	203.486824		
40.5953366514628	178.6191492	5237.096334	203.2284832		
40.6538313728626	178.1866579	5221.819283	202.9608187		
40.7123260942624	177.7441672	5206.371047	202.6827078		
40.7708208156622	177.2972346	5190.845466	202.3958267		
40.829315537062	176.8411077	5175.150865	202.0984637		
40.8878102584618	176.3808724	5159.37818	201.7923433		
40.9463049798616	175.9136722	5143.472481	201.4764239		
41.0047997012614	175.4397576	5127.435541	201.1507401		
41.0632944226612	174.9613849	5111.311341	200.8162224		
41.121789144061	174.4752502	5095.033448	200.4715214		
41.1802838654608	173.9857941	5078.689608	200.1185433		
41.2387785868606	173.4885711	5062.191343	199.755397		
41.2972733082604	172.9865622	5045.598061	199.3833684		
41.3557680296602	172.4795554	5028.90558	199.0025474		
41.41426275106	171.9660671	5012.085201	198.6123525		
41.4727574724598	171.4494514	4995.203335	198.214372		
41.5312521938596	170.9242163	4978.153287	197.8061097		
41.5897469152594	170.3954853	4961.035954	197.3901893		
41.6482416366592	169.8611479	4943.810957	196.9657132		
41.706736358059	169.3212723	4926.481564	196.5327809		
41.7652310794588	168.7777811	4909.084224	196.0925845		
41.8237258008586	168.2259349	4891.533599	195.6429762		
41.8822205222584	167.6710302	4873.92805	195.1866548		
41.9407152436582	167.1096574	4856.207834	194.7222567		
41.999209965058	166.5434251	4838.404944	194.2506924		
42.0577046864578	165.9722782	4820.518744	193.7722335		
42.1161994078576	165.393646	4802.512626	193.2859353		
42.1746941292574	164.8116871	4784.454443	192.7939493		
42.2331888506572	164.2217379	4766.277608	192.2945336		
42.291683572057	163.6271418	4748.038341	191.7895295		
42.3501782934568	163.0251193	4729.700444	191.2780768		
42.4086730148566	162.4153646	4711.274072	190.7607017		
42.4671677362564	161.8007365	4692.793275	190.2385971		
42.5256624576562	161.1741857	4674.201099	189.7103355		
42.584157179056	160.5410033	4655.560548	189.1780075		
42.6426519004558	159.8915912	4636.811163	188.6400855		
42.7011466218556	159.2297994	4617.998072	188.0980818		
42.7596413432554	158.5561252	4599.123914	187.5520941		
42.8181360646552	157.8673704	4580.152811	187.0009732		
42.876630786055	157.1725926	4561.137432	186.4461855		
42.9351255074548	156.4658318	4542.006766	185.8855992		
42.9936202288547	155.7549647	4522.828565	185.321109		
43.0521149502545	155.0381856	4503.572441	184.7517104		
43.1106096716543	154.3156417	4483.797045	184.1642181		
43.1691043930541	153.5897439	4463.702537	183.564337		
43.2275991144539	152.8577426	4442.809074	182.9374296		
43.2860938358537	152.1236299	4421.815528	182.304195		
43.3445885572535	151.3852829	4400.786974	181.6664982		
43.4030832786533	150.6438113	4379.711479	181.0238909		
43.4615780000531	149.8994847	4358.592406	180.3763866		
43.5200727214529	149.1517344	4337.419821	179.7235852		
43.5785674428527	148.4025561	4316.224406	179.0663256		
43.6370621642525	147.6500962	4294.974468	178.4035578		
43.6955568856523	146.8961049	4273.697039	177.736035		
43.7540516070521	146.1399337	4252.380129	177.0632941		
43.8125463284519	145.3821386	4231.029981	176.3854432		
43.8710410498517	144.6234454	4209.660938	175.7028535		
43.9295357712515	143.8631331	4188.250421	175.0147099		
43.9880304926513	143.1024407	4166.825642	174.3217734		
44.0465252140511	142.3411494	4145.372885	173.6235502		
44.1050199354509	141.5800295	4123.906084	172.9204111		
44.1635146568507	140.8191203	4102.427336	172.2123465		
44.2220093782505	140.0599317	4080.938394	171.4993366		
44.2805040996503	139.3017724	4059.448584	170.7815946		
44.3389988210501	138.547111	4037.968526	170.0594016		
44.3974935424499	137.7954113	4016.508646	169.3330739		
44.4559882638497	137.048017	3995.079785	168.6029246		
44.5144829852495	136.3098683	3973.762639	167.8716804		
44.5729777066493	135.5771783	3952.523671	167.1381854		
44.6314724280491	134.8615862	3931.688217	166.4137655		
44.6899671494489	134.1574086	3911.240523	165.6980805		
44.7484618708487	133.479216	3892.349427	165.0326315		
44.8069565922485	132.8355766	3922.368762	166.0881459		
44.8654513136483	132.2207417	3995.094528	168.6034285		
44.9239460350481	131.6292566	4143.200104	173.5525948		
44.9824407564479	131.0425382	4307.635228	178.7989008		
45.0409354778477	130.4525755	4466.059369	183.6348736		
45.0994301992475	129.8546921	4611.276716	187.903909		
45.1579249206473	129.2452187	4736.851245	191.4779327		
45.2164196420471	128.5969159	4779.591886	192.6607599		
45.2749143634469	127.9274343	4783.020399	192.7546718	4	
45.3334090848467	127.2042587	4759.154093	192.0977819		
45.3919038062465	126.466514	4732.853311	191.366276		
45.4503985276463	125.7036048	4705.924027	190.6098701		
45.5088932490461	124.9250483	4678.592623	189.8353656		
45.5673879704459	124.1340254	4650.946648	189.0458615		
45.6258826918458	123.3252688	4623.043571	188.2436575		
45.6843774132456	122.5103519	4595.06339	187.4343334		
45.7428721346454	121.6837792	4566.973131	186.6167011		
45.8013668560452	120.8515493	4538.844739	185.7927051		
45.859861577445	120.0122353	4510.670356	184.961892		
45.9183562988448	119.1663743	4482.469575	184.1246893		
45.9768510202446	118.3173125	4454.257044	183.2813341		
46.0353457416444	117.4624	4426.03507	182.4317485		
46.0938404630442	116.6052669	4397.814535	181.5760801		
46.152335184444	115.7439704	4369.599031	180.7142908		
46.2108299058438	114.8802838	4341.394859	179.8464105		
46.2693246272436	114.0147851	4313.199913	178.972222		
46.3278193486434	113.1467556	4285.029129	178.0920456		
46.3863140700432	112.2777746	4256.870907	177.2053572		
46.444808791443	111.4067401	4228.748172	176.3127624		
46.5033035128428	110.5349838	4200.646577	175.4136287		
46.5617982342426	109.6623881	4172.570957	174.508026		
46.6202929556424	108.7890645	4144.535455	173.5962027		
46.6787876770422	107.9154155	4116.520803	172.6774933		
46.737282398442	107.0413395	4088.5637	171.7528645		
46.7957771198418	106.167233	4060.630462	170.8211844		
46.8542718412416	105.2931249	4032.741508	169.8829363		
46.9127665626414	104.4192625	4004.899991	168.938144		
46.9712612840412	103.5455976	3977.094015	167.9862982		
47.029756005441	102.6725574	3949.35464	167.0282926		
47.0882507268408	101.7998203	3921.642788	166.062754		
47.1467454482406	100.9278865	3893.996131	165.0908061		
47.2052401696404	100.0566528	3866.397413	164.1117854		
47.2637348910402	99.18625063	3838.855088	163.1259253		
47.32222961244	98.3169475	3811.379363	162.1333947		
47.3807243338398	97.4482043	3783.936912	161.1329878		
47.4392190552396	96.58103805	3756.583185	160.1266426		
47.4977137766394	95.71466364	3729.271929	159.1124764		
47.5562084980392	94.84973937	3702.037896	158.0917877		
47.614703219439	93.98603783	3674.866628	157.0639652		
47.6731979408388	93.12322131	3647.740588	156.0282036		
47.7316926622386	92.26239686	3620.712445	154.9864581		
47.7901873836384	91.40238507	3593.724771	153.9364873		
47.8486821050382	90.54425848	3566.83007	152.8802639		
47.907176826438	89.68721965	3539.830064	151.8098067		
47.9656715478378	88.83139859	3512.688448	150.7234492		
48.0241662692376	87.97743281	3484.723117	149.5934928		
48.0826609906375	87.12431255	3456.476023	148.4412613		
48.1411557120372	86.27300161	3428.359609	147.2837158		
48.1996504334371	85.42239754	3400.308656	146.1183771		
48.2581451548369	84.57298717	3372.372611	144.9475791		
48.3166398762367	83.72445226	3344.561615	143.7720363		
48.3751345976365	82.87647759	3316.835823	142.5902618		
48.4336293190363	82.02878728	3289.261719	141.4054469		
48.4921240404361	81.18087556	3261.753324	140.2140715		
48.5506187618359	80.33198804	3234.401114	139.0203372		
48.6091134832357	79.48250694	3207.153021	137.8222714		
48.6676082046355	78.63244346	3180.016403	136.6203956		
48.7261029260353	77.78370151	3153.022284	135.4163295		
48.7845976474351	76.93579583	3126.097845	134.2071003		
48.8430923688349	76.09131557	3099.368066	132.9985674		
48.9015870902347	75.24861239	3072.721641	131.7859485		
48.9600818116345	74.40891107	3046.212554	130.5718798		
49.0185765330343	73.57230411	3019.832661	129.35627		
49.0770712544341	72.73778278	2993.53919	128.1373638		
49.1355659758339	71.9085146	2967.452978	126.9210045		
49.1940606972337	71.08121923	2941.443043	125.7013167		
49.2525554186335	70.25817848	2915.595585	124.4825543		
49.3110501400333	69.43821391	2889.863671	123.2627274		
49.3695448614331	68.62142916	2864.251069	122.0422183		
49.4280395828329	67.80964236	2838.824074	120.8244116		
49.4865343042327	67.00006275	2813.478911	119.6045456		
49.5450290256325	66.19557061	2788.321612	118.3879295		
49.6035237470323	65.39375353	2763.262008	117.1704092		
49.6620184684321	64.59625928	2738.360357	115.9551068		
49.7205131898319	63.80292291	2713.625667	114.7426359		
49.7790079112317	63.01219361	2688.971353	113.5289676		
49.8375026326315	62.22662819	2664.001211	112.2946319		
49.8959973540313	61.44334384	2638.591915	111.0333998		
49.9544920754311	60.66528869	2611.907053	109.7033375		
50.0129867968309	59.89028619	2585.331188	108.3732238		
50.0714815182307	59.1182606	2558.899968	107.0450442		
50.1299762396305	58.35047852	2532.711768	105.7239752		
50.1884709610303	57.58457363	2506.638408	104.403767		
50.2469656824301	56.82322354	2480.878739	103.0947443		
50.3054604038299	56.06331073	2455.252886	101.7880002		
50.3639551252297	55.3054549	2429.829907	100.4872655		
50.4224498466295	54.54806496	2404.638677	99.19435823		
50.4809445680293	53.79073423	2379.588684	97.90507473		
50.5394392894291	53.02988062	2354.851822	96.62870337		
50.5979340108289	52.26839182	2330.232226	95.35555626		
50.6564287322287	51.50625939	2305.858512	94.09267074		
50.7149234536286	50.74675841	2281.687562	92.83818187		
50.7734181750283	49.98988168	2257.707882	91.59185757		
50.8319128964282	49.23859707	2233.999783	90.35823176		
50.890407617828	48.48991312	2210.410167	89.12964909		
50.9489023392278	47.74823837	2187.110332	87.91535444		
51.0073970606276	47.0109297	2163.975986	86.70916521		
51.0658917820274	46.28015508	2141.087443	85.51555229		
51.1243865034272	45.55579183	2118.425988	84.33380727		
51.182881224827	44.83522847	2095.898196	83.15930907		
51.2413759462268	44.12414875	2073.691409	82.0020702		
51.2998706676266	43.41718876	2051.619658	80.85261695		
51.3583653890264	42.71913879	2029.836846	79.71917212		
51.4168601104262	42.02722279	2008.245293	78.59684719		
51.475354831826	41.34088386	1986.826986	77.4849093		
51.5338495532258	40.66524891	1965.72767	76.391076		
51.5923442746256	39.99431175	1944.765565	75.30608042		
51.6508389960254	39.33514988	1924.137519	74.24025092		
51.7093337174252	38.68221849	1903.678694	73.1851943		
51.767828438825	38.0381687	1883.460004	72.14469132		
51.8263231602248	37.40736379	1863.587041	71.12425639		
51.8848178816246	36.78410834	1843.912697	70.11641531		
51.9433126030244	36.17927092	1824.746107	69.13706435		
52.0018073244242	35.58385898	1805.796572	68.17132633		
52.060302045824	35.0092458	1787.378275	67.23519679		
52.1187967672238	34.46202782	1775.204277	66.61792679		
52.1772914886236	33.93898853	1769.750502	66.34177916		
52.2357862100234	33.46210118	1812.423558	68.50875235		
52.2942809314232	32.9994987	1869.191227	71.41177314		
52.352775652823	32.55476944	1939.865622	75.05272865		
52.4112703742228	32.11167703	2010.020846	78.68909846		
52.4697650956226	31.66971218	2078.148741	82.23429867		
52.5282598170224	31.21363753	2116.659861	84.24171482		
52.5867545384222	30.74814029	2138.567128	85.38411739	3	
52.645249259822	30.23882794	2117.111919	84.26528682		
52.7037439812218	29.71963242	2092.126967	82.962742		
52.7622387026216	29.18493045	2067.508374	81.67998505		
52.8207334240214	28.64534301	2043.037605	80.40593159		
52.8792281454212	28.10205451	2018.690471	79.13962397		
52.937722866821	27.55778383	1994.707007	77.89383592		
52.9962175882208	27.01379755	1970.870604	76.65754449		
53.0547123096206	26.47236501	1947.372808	75.44092455		
53.1132070310204	25.933467	1924.078477	74.23720331		
53.1717017524202	25.39798472	1901.050085	73.04978628		
53.23019647382	24.86790855	1878.353843	71.88227922		
53.2886911952198	24.34068766	1855.82888	70.72655308		
53.3471859166197	23.82043124	1833.67816	69.59314371		
53.4056806380195	23.30358392	1811.698843	68.4718438		
53.4641753594193	22.7936153	1790.060812	67.37139663		
53.5226700808191	22.28922383	1768.685655	66.28788955		
53.5811648022189	21.78925246	1747.518097	65.21861921		
53.6396595236187	21.29693891	1726.69737	64.17068195		
53.6981542450185	20.80811969	1706.038703	63.13483646		
53.7566489664183	20.32838537	1685.804273	62.1242541		
53.8151436878181	19.85316569	1665.278915	61.10335664		
53.8736384092179	19.38351729	1644.353096	60.06710584		
53.9321331306177	18.9209689	1623.033109	59.01627833		
53.9906278520175	18.46208874	1601.595635	57.96493506		
54.0491225734173	18.01269086	1580.72057	56.94644775		
54.1076172948171	17.56672911	1560.048962	55.94320598		
54.1661120162169	17.1270558	1539.749363	54.96335447		
54.2246067376167	16.69298638	1519.799243	54.00569877		
54.2831014590165	16.26315021	1500.115246	53.06621892		
54.3415961804163	15.84012953	1480.908423	52.15480481		
54.4000909018161	15.41942077	1461.888407	51.25753225		
54.4585856232159	15.00317461	1443.290724	50.38542389		
54.5170803446157	14.58916519	1424.953033	49.53078186		
54.5755750660155	14.1778631	1406.89872	48.69447081		
54.6340697874153	13.773063	1387.964069	47.82315647		
54.6925645088151	13.3716717	1368.637659	46.93993055		
54.7510592302149	12.98025889	1348.802832	46.04008768		
54.8095539516147	12.5939187	1329.219372	45.15832656		
54.8680486730145	12.217071	1310.24009	44.31001951		
54.9265433944143	11.84786134	1291.678412	43.48605348		
54.9850381158141	11.48428585	1273.421258	42.68084878		
55.0435328372139	11.13322595	1255.784215	41.90785337		
55.1020275586137	10.78792338	1238.41524	41.15100271		
55.1605222800135	10.45720998	1221.692097	40.42626801		
55.2190170014133	10.13738928	1204.845403	39.70005817		
55.2775117228131	9.830612731	1188.158689	38.98434616		
55.3360064442129	9.562279868	1186.116226	38.89695514		
55.3945011656127	9.310855848	1191.099636	39.11020174		
55.4529958870125	9.087748946	1212.617148	40.03462223		
55.5114906084123	8.867624847	1233.979044	40.95839112		
55.5699853298121	8.650050888	1253.039647	41.78794682		
55.6284800512119	8.42306476	1266.795851	42.38993573		
55.6869747726117	8.18845598	1276.220697	42.80400966	2	
55.7454694940115	7.918799416	1263.890619	42.26257014		
55.8039642154113	7.642220786	1247.872993	41.56256493		
55.8624589368111	7.360888229	1231.191091	40.83745578		
55.9209536582109	7.083134054	1214.843105	40.13059867		
55.9794483796108	6.809655676	1198.895705	39.44446805		
56.0379431010106	6.543101932	1183.399985	38.78087659		
56.0964378224104	6.279985885	1168.123823	38.12956987		
56.1549325438102	6.026587825	1153.443266	37.50624156		
56.21342726521	5.777196586	1139.019532	36.89618035		
56.2719219866098	5.53449143	1125.027509	36.30656947		
56.3304167080096	5.297186292	1111.406606	35.73454859		
56.3889114294094	5.063591962	1098.037522	35.17486383		
56.4474061508092	4.83961449	1085.24661	34.64103259		
56.505900872209	4.619317909	1072.668001	34.11746618		
56.5643955936088	4.407085712	1060.542355	33.61410748		
56.6228903150086	4.200176159	1048.7168	33.12436713		
56.6813850364084	3.998870702	1037.19817	32.64839438		
56.7398797578082	3.806408943	1025.802854	32.17851685		
56.798374479208	3.617847941	1014.358613	31.70758217		
56.8568692006078	3.437959683	1002.182451	31.2075003		
56.9153639220076	3.262364062	990.2112771	30.71675502		
56.9738586434074	3.093813729	978.6814421	30.24495809		
57.0323533648072	2.932234794	967.6710897	29.79511806		
57.090848086207	2.775106709	956.9920852	29.35943423		
57.1493428076068	2.626447422	946.9188734	28.9489902		
57.2078375290066	2.481586894	937.1071879	28.54966013		
57.2663322504064	2.345604598	927.8962714	28.17516107		
57.3248269718062	2.215473446	919.0520657	27.81590621		
57.383321693206	2.091232474	910.5703389	27.47165986		
57.4418164146058	1.976457394	902.468022	27.14303679		
57.5003111360056	1.866780255	895.0747201	26.84337427		
57.5588058574054	1.773949787	892.2110046	26.72733814		
57.6173005788052	1.686459443	893.1592552	26.76575725		
57.675795300205	1.606772844	900.2176074	27.05181103		
57.7342900216048	1.52923627	905.9542015	27.2844099		
57.7927847430046	1.452693902	910.7429045	27.47866119		
57.8512794644044	1.373169997	912.4977825	27.54986008	1	
57.9097741858042	1.290127526	911.8690893	27.52435275		
57.968268907204	1.197322524	904.9911476	27.24535399		
58.0267636286038	1.105297162	897.490059	26.94124681		
58.0852583500036	1.01440599	889.555659	26.61978066		
58.1437530714034	0.929526255	882.2326742	26.32323061		
58.2022477928032	0.847252852	875.1647044	26.03715745		
58.260742514203	0.771115415	868.6387394	25.77312114		
58.3192372356028	0.697989055	862.4021035	25.52087571		
58.3777319570026	0.62937762	856.6009159	25.28631245		
58.4362266784024	0.565170287	851.1249276	25.06495793		
58.4947213998022	0.503595297	845.8444353	24.85155183		
58.553216121202	0.448098604	841.0505724	24.65784648		
58.6117108426019	0.395179798	836.4704903	24.4728098		
58.6702055640017	0.347858577	832.3601116	24.30677079		
58.7287002854015	0.303883843	828.5246518	24.15185158		
58.7871950068013	0.262974889	824.9413107	24.00712618		
58.8456897282011	0.227040388	821.78356	23.87960019		
58.9041844496009	0.193215084	818.8115497	23.75958128		
58.9626791710007	0.164358258	816.2974938	23.65805945		
59.0211738924005	0.137612601	813.9456987	23.56309375		
59.0796686138003	0.113860243	811.8192962	23.47723142		
59.1381633352001	0.093501776	809.9561752	23.40200073		
59.1966580565999	0.07503978	808.2405604	23.33272855		
59.2551527779997	0.06014662	806.8076736	23.27487222		
59.3136474993995	0.046532707	805.4768495	23.22113693		
59.3721422207993	0.035476357	804.3498575	23.17563252		
59.4306369421991	0.026308989	803.3150412	23.13385014		
59.4891316635989	0.018784789	802.3633451	23.09542388		
59.5476263849987	0.01317972	801.6579878	23.06694393		
59.6061211063985	0.008347408	801.0512219	23.04244478		
59.6646158277983	0.005243003	800.660735	23.02667824		
59.7231105491981	0.002850912	800.3596744	23.01452243		
59.7816052705979	0.00141394	800.1785631	23.00720977		
59.8400999919977	0.000616936	800.077998	23.0031493		